account_category,average_amount
GG,529.9876510067116
DD,493.91831081081085
AA,525.4148461538463
EE,481.8143609022558
BB,520.5227972027972
FF,535.6413380281692
CC,510.73890410958916
